FULL_NAME,BIRTHDAY,KS,IDENTIFY
Lưu Văn Thạnh,05101949,03TTT 216HH 11561,3249384319
Trần Ngọc Bảo Nhi,10081930,23TTT 077HH 7899,23230015096
Lưu Thị Hằng,27081918,28TTT 171HH 18821,28318605352
Nguyễn Tuấn Hoa,24081960,50TTT 172HH 14639,50360286931
Đặng Văn Thu,30101974,46TTT 118HH 19803,46374841911
Lưu Thị Thanh Tuân,22111959,56TTT 237HH 13299,56259104577
Nguyễn Anh Hiên,11061994,15TTT 160HH 12339,15294428862
Vũ Thị Phương Phương,02101951,23TTT 008HH 11270,23251876887
Vũ Hữu Tú,04041992,15TTT 140HH 8033,15292671389
Hồ Ngọc Hạnh,14071930,38TTT 057HH 6186,38230943119
Vương Thị Thái,21021975,15TTT 039HH 3163,15275541197
Cung Công Tản,13032016,44TTT 232HH 15695,44016381056
Nguyễn Văn Tuấn,03021944,09TTT 073HH 16145,9344425015
Nguyễn Thanh Trang,06061935,58TTT 221HH 1887,58335796534
Lê Lê Trường Nhi,31111983,50TTT 251HH 1872,50383862641
Nguyễn Ngọc Linh,16081904,51TTT 040HH 14096,51304840962
Trịnh Lê Việt Hòa,17011947,31TTT 245HH 11696,31347988365
Lưu Minh Linh,06011983,25TTT 244HH 17302,25383524525
Lê Minh Khôi,01071937,14TTT 223HH 7390,14237707210
Phan Phương Anh,20031963,18TTT 221HH 17440,18263830936
Kiều Văn Hoa,23121992,38TTT 087HH 14674,38292916039
Nguyễn Thị Bàng,14021991,36TTT 032HH 3606,36391007907
Nguyễn Thị Ngọc Phúc,24052001,30TTT 086HH 19480,30101665449
Đinh Thị Hiệp,08031919,03TTT 226HH 15342,3319499787
Đinh Hiền Tùng,20121964,63TTT 085HH 2407,63364385460
Vương Vũ Quỳnh Đức,20031927,07TTT 135HH 4667,7227870726
Phạm Tuấn Tình,21111982,39TTT 179HH 10308,39282301580
Trương Vân Hạnh,03082010,17TTT 074HH 12642,17110336910
,21101938,59TTT 030HH 3405,59238235438
Đỗ Thị Thanh Linh,20121980,28TTT 134HH 2145,28380972582
Trần Thị Tên,22091993,04TTT 163HH 10635,4293887489
Nguyễn Đức Hồng,19081950,24TTT 061HH 5607,24350795344
Nguyễn Thu Mạnh,01121902,01TTT 213HH 2211,1302915417
Lê Thị Thu Phong,03081967,60TTT 131HH 19981,60367400534
Đỗ Thị Kim Hoài,13041971,61TTT 197HH 16797,61271529502
Nguyễn Thị Vân,27062017,54TTT 245HH 10634,54017652371
Trịnh Hoài Hà,02032016,59TTT 049HH 1081,59116242934
Phạm Anh Thau,25051901,30TTT 038HH 15278,30201608388
Nguyễn Thùy Hương,13041984,64TTT 079HH 15071,64384356825
Nguyễn Xuân Thương,30061960,28TTT 018HH 72,28260063062
Nguyễn Thị Hưng,18022011,01TTT 259HH 5727,1111838941
Nguyễn Nguyễn Loan Hường,23121919,50TTT 192HH 13922,50219834601
Nguyễn Thị Tuấn,26041988,48TTT 253HH 8618,48388986574
Lỗ Như Vân,04071928,05TTT 095HH 908,5328982212
Nguyễn Thanh Anh Minh,20021945,06TTT 223HH 11217,6345824623
Đỗ Hải Huyền,19101983,57TTT 043HH 6686,57283477518
Trương Hồng Đạt,21071939,21TTT 028HH 11336,21239656874
Nguyễn Linh Hải Sách,20101959,56TTT 145HH 11962,56259422940
Bùi Minh Hoa,15031974,36TTT 114HH 10138,36374008309
Giang Thu Quân,18122012,10TTT 083HH 2334,10112539333
Nguyễn Ngọc Khải Lương,22081968,47TTT 192HH 286,47368878111
Nguyễn Thị Thắm,05071975,19TTT 006HH 9178,19375734995
Dương Văn Huy,16031976,16TTT 033HH 18058,16376934296
Trịnh Mai Hà,30112013,37TTT 131HH 14571,37113255259
Nguyễn Ngọc Duyên,22081922,28TTT 228HH 4290,28322709293
Nnguyễn Tấn Tuấn,14112006,28TTT 110HH 13004,28106088553
Nguyễn Văn Lương,21071937,60TTT 115HH 17891,60337336719
Nguyễn Duy Phương,19071975,04TTT 208HH 4859,4375531018
Phạm Hương Hiền,10101908,55TTT 182HH 7906,55308933980
Nguyễn Thị Thạch,16022009,15TTT 024HH 19656,15009599512
Nguyễn Thị Thùy Lam,04121929,42TTT 109HH 12980,42229409136
Kim Thị Hoà,24071933,26TTT 155HH 7512,26233583738
Đặng Vi Thư,21081997,29TTT 244HH 1786,29397147792
Nguyễn Phạm Phúc Thân,20031936,31TTT 254HH 18878,31336831597
Nguyễn Thị Quảng,12041941,47TTT 207HH 10522,47241935029
Nguyễn Khánh Linh,20032015,27TTT 056HH 12442,27015277267
Nguyễn Long Khánh Linh,29071998,12TTT 003HH 4498,12398336940
Nguyễn Thị Giang,05051916,33TTT 128HH 11668,33316794057
Nguyễn Tuấn Phương,09032007,15TTT 206HH 13532,15007005306
Võ Thị Hải,20111996,16TTT 136HH 1864,16396325714
Nguyễn Thị Quỳnh,29021998,40TTT 043HH 10685,40298514386
Nguyễn Thị Quân,14102016,13TTT 157HH 6382,13116447122
Phạm Huy Nam,16091981,21TTT 243HH 8918,21381980805
Nguyễn Thị Huyền,23061995,48TTT 133HH 11194,48295483219
Nguyễn An Minh,17111923,16TTT 114HH 10819,16223506879
Đại Thành Hà,24051963,57TTT 041HH 13247,57363889449
Trịnh Khánh Tuyết,19041928,04TTT 179HH 19382,4328680499
Nguyễn Văn Nhẫn,27101985,19TTT 053HH 18441,19385836260
Nguyễn Thị Luyên,15041907,49TTT 118HH 169,49307479002
Nguyễn Xuân Tiến,18071966,30TTT 032HH 11755,30366976911
Nguyễn Thị Đức,03011908,46TTT 150HH 16283,46308896235
Trần Văn Hạnh,24101903,24TTT 053HH 9987,24303471172
Nguyễn Thanh Anh Nhi,31091997,12TTT 169HH 6361,12397986941
Hoàng Thị Tuyết Hoa,10051977,37TTT 116HH 5067,37277557001
Nguyễn Văn Lợi,16011987,37TTT 183HH 12420,37387890448
Nguyễn Ngọc Công,10051995,05TTT 226HH 6249,5295943988
Trần Thị Minh Dương,21121921,14TTT 035HH 1450,14321872256
Trần Thị Thảo,22042002,10TTT 246HH 10183,10002414288
Đỗ Ngọc Bảo Hiệu,22101983,61TTT 088HH 8264,61283052428
Nguyễn Thị Hùng,05071946,29TTT 166HH 4355,29246738656
Tạ Viết Đức Trúc,18052000,04TTT 225HH 9966,4000043346
Đào Thị Thu Tình,20022002,54TTT 043HH 14217,54102431955
Nguyễn Văn Dung,24061932,62TTT 238HH 17846,62232081228
Đinh Thanh Takahisa,04121938,04TTT 194HH 9775,4338734698
Nguyễn Minh Thạch,09041972,19TTT 253HH 3888,19372740402
Phạm Thu Linh,05102007,02TTT 242HH 8565,2007877186
Nguyễn Việt Thuý,04111914,60TTT 217HH 4995,60214773177
Phan Linh Hải Khanh,08121948,63TTT 067HH 5777,63248586070
Doãn Văn Hưng,25121923,30TTT 192HH 2900,30223915155
Lê Gia Trường,15011991,57TTT 110HH 996,57391810589
Lê Thị Hiếu,02011957,50TTT 188HH 5415,50257678606
Đặng Văn Vẽ,16012018,52TTT 157HH 17939,52018039964
Trịnh Thị Hoài,08121933,31TTT 135HH 4803,31333088984
Nguyễn Xuân Hân,22121923,35TTT 047HH 16993,35323438765
Phan Thế Hà,19051943,07TTT 159HH 2922,7243031037
Phan Duy Long,29051958,16TTT 078HH 3301,16258426293
Nguyễn Đức Hằng,27081998,28TTT 021HH 9876,28298836614
Trần Thị Ngọc,26072009,39TTT 037HH 13569,39109229169
Lê Quang Thưởng,10021967,50TTT 057HH 14687,50267969058
Nguyễn Văn Thảo,25021981,44TTT 221HH 17340,44381747871
Nguyễn Văn Thỏa,11111915,01TTT 151HH 15678,1215502770
Nguyễn Minh Nhu,31041970,41TTT 075HH 11244,41370181813
Võ Phú Ly,06062003,63TTT 058HH 1596,63103705933
Lê Thảo Phượng,01121965,06TTT 229HH 14324,6265161557
Nguyễn Văn Thành,30121934,37TTT 022HH 2674,37334804363
Dương Thị Thanh Bài,06101944,15TTT 000HH 11801,15244619376
Nguyễn Đăng Hiếu,16041953,42TTT 103HH 7638,42253077131
Nguyễn Trọng Hải,27041986,34TTT 021HH 9558,34386663225
Trần Tiến Hạnh,25111979,62TTT 257HH 12574,62279293301
Nguyễn Đình Huy,14101948,28TTT 259HH 13545,28248541900
Dương Thị Nhân,22041979,58TTT 178HH 13840,58279344996
Nguyễn Ngọc Hà Hải,15021997,04TTT 198HH 3878,4397966139
Nguyễn Minh Phòng,27101992,63TTT 236HH 13059,63292633323
Lê Thị Dung,06051987,32TTT 229HH 5728,32287878636
Lê Văn Dương,22091909,45TTT 104HH 757,45209669314
Phạm Thị Tuyết,28121931,01TTT 189HH 9956,1331916503
Phommavanh Xuân My,17121968,08TTT 224HH 19954,8368182376
Nguyễn Khắc Lan,29101925,09TTT 071HH 16313,9325341651
Lưu Ngọc Uyên,04102005,22TTT 236HH 3135,22005302322
Đỗ Thị Hồng Tuấn,19022001,04TTT 137HH 17288,4001396051
Trịnh Thị Phú,04081976,48TTT 005HH 4903,48376791812
Dương Văn Khuyên,07091946,55TTT 180HH 13246,55246435652
Lê Sỹ Mạnh Tiến,13101937,27TTT 069HH 2404,27237491682
Lê Thị Thu Chung,13031974,57TTT 053HH 1127,57374782199
Võ Thị Minh Việt,15031941,50TTT 045HH 17837,50241023556
Nguyễn Thị Hà,06031979,02TTT 048HH 17772,2379239662
Nnguyễn Phương Tuệ Khôi,28121961,44TTT 201HH 17549,44361403736
Hoàng Trung My,03021985,40TTT 199HH 16539,40385649882
Đinh An Hoàng Hằng,07101988,55TTT 031HH 11442,55388851740
Nguyễn Thị Quảng,02101964,38TTT 057HH 19252,38264521687
Đào Thị Thọ,22061955,11TTT 253HH 14797,11255512709
Nguyễn Thị Ngọc Thụ,16081986,07TTT 002HH 16869,7386365484
Phùng Thanh Cẩm,22011902,16TTT 019HH 13309,16202569425
Nguyễn Thị Tình,21051953,18TTT 195HH 7613,18353812515
Chu Thị Quảng,31091920,57TTT 053HH 3071,57220721396
Đặng Viết Hằng,08071951,47TTT 220HH 4836,47251839073
Nguyễn Thế Huy,07052000,16TTT 159HH 1694,16100807345
Trịnh Hải Bách,23011981,05TTT 123HH 13766,5381720327
Lê Lê Sơn,21031983,40TTT 029HH 3414,40283859148
Nguyễn Anh Cành,30071972,11TTT 146HH 8570,11372432202
Nguyễn Thị Mẫn,15021909,63TTT 252HH 7317,63309496413
Lê Thị Quỳnh,27021991,01TTT 030HH 8264,1391990442
Đặng Thị Hồng Bình,04031977,40TTT 117HH 5805,40277324439
Vũ Hồng Diến,04011991,61TTT 132HH 16177,61391340960
Trần Hồng Thành,25111989,48TTT 213HH 17496,48289863044
Phan Khánh Hương,22082014,43TTT 054HH 11856,43114880074
Trần Thị Tùng,18011943,40TTT 105HH 10041,40343233958
Hạ Gia Linh,24082018,01TTT 208HH 11645,1018512442
Trịnh Viết Hoàng Len,02071903,36TTT 042HH 14183,36303882397
Dương Thị Bích Hà,03091907,17TTT 011HH 14951,17307441819
Trần Thị Mai Hưng,24061910,29TTT 131HH 2582,29310829502
Dương Đình Tú,21071956,02TTT 247HH 10715,2256261882
Đặng Quang Thắm,19061932,27TTT 234HH 1577,27332449999
Trịnh Xuân Hiên,16021924,01TTT 112HH 9876,1224219913
Lưu Thị Anh,25051955,02TTT 183HH 289,2255777377
,10091935,45TTT 038HH 2260,45335812857
Lỗ Hoàng Hiếu,18081915,15TTT 061HH 19686,15315152372
Nguyễn Xuân Linh,31081992,45TTT 189HH 11150,45292569383
Phan Linh Hải Tú,31092003,45TTT 201HH 19287,45103626764
Lê Quang Anh,17011994,02TTT 029HH 19525,2394476371
Lê Đình Lâm,15021925,57TTT 084HH 7178,57225856728
Nguyễn Thị Hà,23011946,44TTT 184HH 1340,44246881518
Nguyễn Hồng Vũ,30071983,06TTT 152HH 1274,6383032787
Nguyễn Quang Hiếu,18071912,26TTT 190HH 2206,26312572701
Lưu Ngọc Bảo Toàn,11031903,13TTT 246HH 8658,13203670684
Nguyễn Tuấn Loan,03041994,26TTT 032HH 17053,26294453203
Trần Thị Am,02111989,14TTT 149HH 5214,14289242471
Nguyễn Thị Quỳnh,24031962,01TTT 244HH 8126,1262372547
Trần Xuân Thịnh,16071910,41TTT 072HH 17733,41210018554
Đinh Quang Tuấn Linh,14121907,11TTT 160HH 16037,11307818654
Lê Thị Phương,24051931,38TTT 004HH 1829,38231829586
Vũ Thị Mai Quyên,29061988,35TTT 128HH 8195,35388895582
Lục Minh Phương,10121957,14TTT 119HH 5556,14257908493
Đinh Văn Hảo,06102016,12TTT 185HH 4776,12116301923
Nguyễn Thị Thịnh,25101984,14TTT 199HH 17930,14384999489
Nguyễn Quang Đức,04031966,22TTT 243HH 19049,22366499603
Nguyễn Minh Ngọc,24061916,14TTT 072HH 5918,14316567630
Phạm Việt Nhi,03042006,41TTT 124HH 14751,41106313144
Trần Hồng Trinh,22031953,05TTT 256HH 2136,5353167664
Nguyễn Viết Vỹ,24061996,40TTT 097HH 17437,40296872099
Đoàn Gia Minh,02081984,53TTT 124HH 11829,53384972299
Dương Trung Cường,15122000,63TTT 055HH 17580,63000267308
Nguyễn Bảo Đăng,03051918,18TTT 116HH 4726,18318337073
Trần Thị Quỳnh,09121923,50TTT 226HH 19861,50323039882
Lê Hà Bộ,10121916,17TTT 123HH 15434,17316721322
Nguyễn Quang Vũ,12081919,52TTT 130HH 5132,52319587740
Nguyễn Nam Sovanmuny,18052009,16TTT 114HH 2766,16109090712
Đoàn Đức Long,03091986,14TTT 130HH 12657,14286509874
Nguyễn Văn Hương,07111986,43TTT 111HH 12829,43386564598
Nguyễn Văn Mùi,31091952,34TTT 101HH 11583,34352496357
Đỗ Tuấn Huy,05031925,16TTT 099HH 14116,16325264880
Nguyễn Văn Bảo,27032004,02TTT 152HH 1976,2104082812
Nguyễn Thanh Mai,05051916,20TTT 057HH 15930,20316649393
Nguyễn Khánh Dung,05021980,57TTT 018HH 4915,57380762729
Nguyễn Thị Hiếu,05031993,37TTT 226HH 10956,37293345281
Nguyễn Thị Hòa,16121962,38TTT 232HH 17896,38362317269
Nguyễn Văn Ly,30091927,63TTT 242HH 409,63327411010
Nguyễn Ngọc Yến Minh,07081985,02TTT 105HH 61,2385062659
Trương Văn Hải,23081972,44TTT 008HH 9287,44272043139
Nguyễn Thị Thanh Thêu,18091970,30TTT 032HH 10778,30370610463
Đào Thị Mai Hiền,05111954,42TTT 240HH 19635,42354171312
Nguyễn Thị Linh,08121922,29TTT 114HH 6311,29322111886
Đỗ Hữu Phương,11031966,04TTT 018HH 17148,4266497786
Ngô Nhất Nhi,31081937,40TTT 014HH 8757,40337157409
Bùi Phi Đắc,18091908,20TTT 201HH 9574,20208672621
Tạ Văn Mùi,15041901,32TTT 240HH 12570,32201174910
Phạm Hoàng Minh Linh,29051921,33TTT 091HH 18476,33221557133
Nguyễn Duy Việt,03111946,09TTT 155HH 13007,9246223911
Trương Thị Hồng Huy,09051984,13TTT 145HH 9607,13284819833
Nguyễn Văn Đóa,02041915,02TTT 122HH 1092,2215747085
Đỗ Bảo Thạo,27021946,49TTT 101HH 9657,49346232600
Nguyễn Vi Sáng,26111910,07TTT 233HH 388,7310210531
Nguyễn Thị Bích Hạnh,02071903,26TTT 130HH 2860,26203127289
Nguyễn Nguyên Quyên,19011981,13TTT 179HH 401,13381069640
Nguyễn Quang Thúy,17041973,25TTT 048HH 18200,25273286004
Nguyễn Đan Tuyết,05102016,58TTT 096HH 14036,58016756630
Nguyễn Thị Nhung,21071917,36TTT 159HH 8702,36317408522
Trần Đức Ngân,26041915,27TTT 107HH 1695,27315582309
Nguyễn Đức Huyên,31011942,48TTT 005HH 10608,48342635129
Lê Minh Mai,25121918,08TTT 249HH 14106,8218351528
Lã Ngọc Hà,18111947,51TTT 200HH 2923,51347434416
Nguyễn Văn Tùng,18022001,24TTT 218HH 14260,24001675985
Đào Thị Sơn,20081973,47TTT 112HH 8458,47373796023
Đỗ Thị Anh,19112013,29TTT 242HH 5979,29013529436
Đinh Văn Thanh,10091909,09TTT 018HH 8467,9209316896
Đỗ Anh Linh,18071966,47TTT 087HH 12907,47266441672
Nguyễn Văn Mai,15091926,36TTT 053HH 13920,36326403619
Nguyen Hồng Hạnh,15122018,28TTT 032HH 5160,28018664917
Đỗ Thị Phúc,08021981,52TTT 020HH 16176,52381986672
Bùi Phong Anh,23101969,32TTT 236HH 12124,32369408782
Phạm Thị Hà,03061912,38TTT 246HH 17907,38312290477
Phùng Thành Anh,10071956,52TTT 230HH 12692,52256147376
Lê Thị Ánh Vũ,30051944,07TTT 168HH 10830,7244327777
Trần Thanh Loan,18122012,41TTT 114HH 11320,41012257499
Nguyễn Xuân Cường,30112007,60TTT 177HH 12963,60007341045
Hà Ngân Đức,29101912,59TTT 206HH 8632,59212472413
Đào Thị Thanh Tuyết,22021908,03TTT 151HH 8755,3308465881
Lê Thị Đức,12022013,33TTT 083HH 17751,33113642921
Trần Thị Yên,12121941,05TTT 218HH 15477,5341879127
Đàm Thanh Nga,18071954,63TTT 014HH 912,63354920895
Vũ Huy Khánh,01011997,57TTT 060HH 4675,57297796164
Nguyễn Ngọc Chương,17121931,51TTT 211HH 13709,51231505500
Lê Khánh Hiền,16061955,55TTT 030HH 4541,55355467007
Trương Thị Kim Huyền,27021984,52TTT 126HH 9702,52284048874
Trần Văn Bàng,30081971,27TTT 103HH 10563,27271851005
Trần Huy Long,18031969,33TTT 038HH 5739,33369714966
Nguyễn Văn Nhung,05081997,32TTT 135HH 4638,32397162708
Nguyễn Ngọc Chinh,08011967,09TTT 055HH 17702,9267682361
Đinh Thế Thương,04091954,10TTT 039HH 4630,10254902822
Nguyễn Thanh Anh Tâm,05041947,19TTT 194HH 10810,19247727814
Nguyễn Anh Vi,24111943,31TTT 090HH 19218,31343093187
Nguyễn Việt Huy,03092018,62TTT 220HH 19602,62118924643
Dương Đan Khoa,15102013,58TTT 041HH 4885,58013843766
Ngô Hồng Giang,06061980,23TTT 019HH 17044,23380751777
Nguyễn Thị Thư,04051907,47TTT 174HH 17867,47307658305
Đặng Thị Thu Phương,15092009,11TTT 105HH 19981,11109491844
Vũ Thị Thanh,18092012,31TTT 110HH 16284,31112331740
Bùi Đình Hiền,07071960,55TTT 012HH 14262,55360937116
Nguyễn Chí Tiến,24021931,51TTT 115HH 3264,51331215472
Phạm Việt Hân,29012000,35TTT 255HH 19512,35000142266
Nguyễn Văn Linh,08041925,25TTT 150HH 9389,25225801740
Đặng Xuân Hùng,19071926,31TTT 201HH 18877,31226092009
Đỗ Thị Cẩm,30091989,22TTT 057HH 15673,22389428036
Vũ Tuệ Tĩnh,25101986,17TTT 176HH 5155,17286784992
Trương Ngọc Dũng,05111936,53TTT 114HH 2636,53236261322
Doãn Thị My,17071917,03TTT 150HH 5924,3317463038
Trịnh Thu Thọ,13071970,56TTT 095HH 6427,56370572393
Nguyễn Quang Tuấn Tuấn,11041973,03TTT 225HH 17835,3273366701
Trần Văn Thắng,18011996,22TTT 202HH 17578,22296838159
Nguyễn Minh Hiên,24011953,28TTT 196HH 18552,28253427054
Nguyễn Xuân Lương,08121965,55TTT 205HH 170,55265115450
Nguyễn Quang Khôi,20031905,04TTT 190HH 9013,4305862174
Trần Thị Thùy Ngọc,23021956,37TTT 167HH 17869,37256003096
Nguyễn Văn Hoa,10011945,28TTT 013HH 4162,28245780993
Trần Gia Sơn,16031979,37TTT 004HH 16882,37379070845
Đào Viết Hà,16041903,32TTT 138HH 9957,32303744639
Trịnh Việt Linh,17081995,12TTT 211HH 16383,12295169527
Nguyễn Văn Linh,01121925,61TTT 127HH 4572,61225011405
Trương Thị Tuyết Anh,18111904,33TTT 211HH 14178,33304731121
Nguyễn Thị Tùng,27051928,15TTT 184HH 9899,15228492600
Nguyễn Huyền Thiên Hào,30071997,62TTT 133HH 19092,62397791368
Nguyễn Thị Thu Lương,09091990,07TTT 049HH 19279,7290700480
Phạm Mai Hà,28111978,46TTT 073HH 10524,46278203446
Lê Nam Hợp,18101992,16TTT 255HH 14446,16292653204
Trần Đình Ngọc,09071945,20TTT 144HH 19609,20245270268
Vương Thị Ngọc Quỳnh,26021923,45TTT 087HH 5393,45223531077
Trần Kim Giang,20071919,36TTT 245HH 18557,36219703739
Nguyễn Khánh Nhật,08071948,29TTT 217HH 4139,29248870475
Nguyễn Minh Mạnh,31091944,36TTT 233HH 5919,36344198027
Trương Anh Liên,06081932,29TTT 089HH 14035,29232112459
Phạm Hữu Sở,29031943,44TTT 128HH 11524,44343605172
Nguyễn Thị Nhung,06092008,38TTT 147HH 6790,38008071916
Nguyễn Duy Quân,29101956,09TTT 058HH 4337,9356385083
Cao Khánh Hoàng,12041972,36TTT 237HH 12662,36272488811
Nguyễn Khánh Phương,03111999,28TTT 191HH 14201,28399668875
Lưu Xuân Sơn,17021986,12TTT 171HH 9693,12286070256
Đặng Thanh Hùng,08031962,03TTT 250HH 11915,3262697416
Nguyễn Thị Thanh Nhi,07041916,03TTT 086HH 101,3216423433
Phạm Thị Quyến,31092013,23TTT 107HH 14229,23113072124
Dương Thanh Tịch,14051916,47TTT 122HH 243,47316654214
Lê Thị Anh,14042013,55TTT 059HH 991,55013607909
Nguyễn Việt Xuyên,17011935,24TTT 006HH 3977,24235055381
Lê Mạnh Dung,08022015,07TTT 245HH 2045,7115045456
Hà Việt Long,12062009,32TTT 251HH 13019,32009095906
Nguyễn Thị Bích Minh,05081989,61TTT 007HH 8798,61289889162
Tạ Thị Hồng Vy,31051908,05TTT 222HH 3874,5308506593
Vũ Tùng Thanh,19061916,20TTT 194HH 11420,20316800902
Nguyễn Ngọc Hòa,01051962,10TTT 081HH 6324,10262748224
Đàm My An Huy,18101952,12TTT 029HH 9813,12352684173
Nguyễn Văn Tùng,26071927,05TTT 005HH 18723,5227855480
Nguyễn Trung Tuấn,19011999,39TTT 145HH 11971,39399518646
Bùi Duy Tuấn,31101998,01TTT 145HH 14377,1298154810
Nguyễn Văn Anh,19091973,27TTT 230HH 13493,27273182843
Trịnh Đức Thanh,14011991,48TTT 187HH 13581,48391733918
Đỗ Nguyễn Minh Tuyết,16071944,01TTT 083HH 11139,1244069360
Đào Tuấn Bàng,22102009,10TTT 007HH 6327,10109427277
Đào Mai Tiến,04031997,46TTT 103HH 9179,46297514805
Triệu Văn Tuấn,11031986,12TTT 103HH 10982,12286202756
Nguyễn Văn Giang,12061943,03TTT 160HH 18239,3243487769
Lê Thị Khánh,29121949,21TTT 250HH 14775,21249176901
Trần Văn Hạnh,05081903,62TTT 000HH 2496,62203953964
Lưu Thị Hạnh,28101977,07TTT 186HH 17232,7377720127
Nguyễn Thị Thu Nhật,04111933,54TTT 175HH 13545,54233068486
Hoàng Tuấn Lanh,19081902,29TTT 187HH 7952,29202644327
Phạm Văn Linh,31081972,03TTT 006HH 14351,3272857462
Đoàn Thị Sơn,08102013,38TTT 009HH 16056,38113210452
Nguyễn Duy Dinh,13061926,49TTT 123HH 15186,49226590206
Đỗ Thị Hồng Hoàng,23111925,09TTT 008HH 1180,9325901608
Nguyễn Văn Tú,06042005,42TTT 008HH 177,42005903994
Nguyễn Hồng Hạnh,20071974,64TTT 159HH 9327,64374685686
Triệu Tuấn Thảo,05061991,03TTT 029HH 1461,3291392326
Đặng Kim Khanh,11031921,07TTT 212HH 8800,7221136733
Hoàng Nguyễn Quang Hằng,02122010,31TTT 160HH 10459,31010049494
Chu Thế Tuấn Thạo,06112003,16TTT 204HH 6465,16103704061
Nguyễn Văn Hải,10081946,24TTT 251HH 15444,24246252310
Trương Văn Am,18111982,26TTT 034HH 1986,26382565492
Nguyễn Huy Hùng,15061935,02TTT 200HH 5669,2335410178
Đỗ Thị Huyền Hoàng,07091903,05TTT 023HH 10498,5203757404
Dương Thị Hoài Nghĩa,28012012,01TTT 219HH 9061,1012630388
,05072011,19TTT 182HH 12095,19011766205
Đỗ Hà Linh,08101977,26TTT 060HH 5603,26277304109
Hoàng Đức Khôi Chinh,18031938,49TTT 034HH 2764,49238653817
Trần Thị Thêu,02091984,28TTT 214HH 15035,28284597567
Nguyễn Văn Ngọc,11121964,15TTT 248HH 13591,15364562972
Vũ Thị Huyền Liệp,01071969,49TTT 158HH 2677,49369814018
Nguyễn Bảo Hiền,14111913,64TTT 004HH 10756,64213854422
Phạm Thanh Tú,26081953,62TTT 018HH 2853,62353554092
Nguyễn Văn Tĩnh,19051945,60TTT 120HH 5415,60245914449
Trần Phương Cường,14121964,23TTT 204HH 1795,23364620716
Nguyễn Hà Đức,11051999,43TTT 114HH 14201,43299616489
Nguyễn Ngọc Nguyên,16041975,04TTT 112HH 15957,4275698119
Nguyễn Minh Việt,06052002,40TTT 231HH 4858,40002873944
Đặng Lê Vân Hân,07021927,46TTT 083HH 4316,46227949638
Nguyễn Minh Anh,16072008,18TTT 034HH 6307,18108821920
Trần Đức Nhân,30121977,35TTT 151HH 16752,35277796530
Nguyễn Ngọc Chi,19011915,29TTT 120HH 2416,29315838869
Phạm Đăng Mạnh,02021956,56TTT 078HH 610,56256373361
Nguyễn Văn Khanh,30111991,40TTT 050HH 14585,40291844115
Nguyễn Thành Hiệp,04061929,05TTT 150HH 16476,5329733546
Trần Văn Sửu,16031905,54TTT 101HH 12255,54305604922
Dương Duy Phong,14121967,27TTT 203HH 2971,27267347507
Nguyễn Thị Khanh,09031991,30TTT 131HH 6487,30391301349
Nguyễn Hà Tiếp,25021978,19TTT 065HH 14260,19378006895
Nguyễn Thị Phương,06062001,47TTT 057HH 18377,47001995290
Lê Tiến Trung,14041977,16TTT 165HH 12176,16377252103
Vũ Đức Linh,13021925,59TTT 168HH 9361,59225008494
Nguyễn Thị Bích Minh,06071971,15TTT 258HH 16236,15371064041
Đoàn Thục Vân,26041902,47TTT 176HH 13689,47302499864
Nguyễn Thế Nhật,06081901,22TTT 141HH 1313,22301361576
Đinh Thanh Phương,31101952,16TTT 222HH 6136,16352253870
Nguyễn Khánh Tản,06092017,14TTT 255HH 14492,14017821341
Bùi Thị Nhi,20051947,25TTT 199HH 8419,25247623316
Nguyễn Thế Sách,06121920,32TTT 142HH 13400,32320881932
Dương Thị Linh,24071941,44TTT 126HH 3678,44241634625
Phạm Thị Hiền,01081932,41TTT 204HH 10018,41332256249
,19101990,39TTT 236HH 4800,39290362317
Tô Thị Đức,31011979,20TTT 065HH 7828,20379976183
Nguyễn Ngọc Bảo Luyến,14021937,01TTT 087HH 13092,1237123060
Trần Viết Hoàng Ánh,06071958,32TTT 027HH 7296,32258976274
Trần Thị Quỳnh,29121991,52TTT 144HH 2225,52391921936
Trần Minh Hương,02031954,02TTT 068HH 11494,2254550113
Trương Thái Huy,05072016,11TTT 157HH 11402,11016700538
Lê Thị Hy,30111921,26TTT 158HH 2586,26321710983
Nguyễn Thị Lý,22121924,37TTT 090HH 9016,37324195479
Trần Văn Trinh,21021934,61TTT 046HH 13643,61334445764
Nguyễn Ngọc Khôi,19101954,37TTT 096HH 18163,37354924300
Trần Văn Huy,09042008,35TTT 231HH 12255,35108325832
Lại Huy Thoa,28081943,27TTT 076HH 7932,27343318101
Nguyễn Văn Anh,04091946,16TTT 110HH 6726,16346689564
Nguyễn Vi Trung,25101934,30TTT 201HH 7669,30334668260
Hoàng Thị Thùy Thúy,24091976,08TTT 076HH 19209,8276452984
Nguyễn Thùy Tòng,25062011,16TTT 036HH 19882,16011689339
Đỗ Ngọc Linh,17052012,58TTT 075HH 6331,58012566524
Nguyễn Hiền Thắng,10121954,31TTT 240HH 16416,31254740108
Lê Hoàng Minh Thùy,26101986,49TTT 075HH 1966,49286681211
Phạm Xuân Đức,25071944,48TTT 247HH 8902,48344990370
Phạm Hải Hải,23111943,16TTT 049HH 3703,16343091063
Đỗ Thị Tuyết Hiền,20101972,41TTT 252HH 7691,41372183022
Đinh Văn Len,07092007,63TTT 226HH 18500,63007834968
Trần An Hải,27031924,20TTT 194HH 18595,20324101047
Nguyễn Ngọc Tú Diệp,05051998,10TTT 249HH 7707,10398041226
Nguyễn Xuân Trung,19111955,11TTT 171HH 10005,11355554356
Vũ Thùy Đức,08101967,62TTT 053HH 10344,62267135462
Nguyễn Thị Luận,31111969,27TTT 034HH 8614,27369519192
Đàm Hoàng Hòa,08101947,60TTT 058HH 14372,60247135615
Tạ Hà Hân,19101953,43TTT 030HH 1541,43353088838
Lưu Xuân Thuý,09081985,21TTT 124HH 3544,21285892229
Hoàng Văn Khôi,10101972,05TTT 199HH 6535,5372406601
Nguyễn Văn Ngà,06101934,51TTT 047HH 11942,51334610503
Nguyễn Văn Anh,23071942,22TTT 033HH 4462,22242780029
Nguyễn Quỳnh Trang,28101993,52TTT 255HH 9995,52293023082
Nguyễn Minh Tình,04051953,63TTT 021HH 13318,63353247493
Nguyễn Thành Linh,02111996,62TTT 060HH 12184,62396428812
Nguyễn Văn Hạnh,30072008,27TTT 073HH 14300,27008711361
Phan Hoài Mai,03061984,22TTT 226HH 4512,22384715460
Nguyễn Ngọc Bảo Tình,06092003,54TTT 088HH 16280,54103141912
Bùi Thị Lâm,30072009,63TTT 246HH 7624,63109874073
,16111928,11TTT 200HH 7160,11228427898
Lưu Thị Ly,08112001,40TTT 121HH 5485,40101883715
Phạm Đăng Quỳnh,30021916,33TTT 092HH 7105,33316658387
Phan Thị Quyên,16101954,24TTT 121HH 2181,24254706941
Nguyễn Thị Tước,01021906,08TTT 250HH 14285,8206974561
Bùi Thị Thu Ngân,02051971,64TTT 155HH 9709,64371422046
Lưu Diệu Nhi,03091996,50TTT 249HH 18372,50396533208
Nguyễn Quốc Quỳnh,06051954,48TTT 012HH 1552,48354701850
Lưu Bảo Thạch,01071971,31TTT 134HH 19845,31271722334
Nguyễn Hoàng Phúc,16121958,56TTT 215HH 19627,56358015173
Đinh Thị Dương,13041905,03TTT 085HH 3513,3305363143
Đinh Thị Thỏa,12072007,03TTT 004HH 12327,3107820449
Trịnh Quỳnh Thùy,29111902,63TTT 227HH 7264,63302649071
Đỗ Thị Linh,16091998,21TTT 117HH 174,21298011700
Nguyễn Văn Hoàng,25091902,47TTT 083HH 13910,47302814930
Trương Thị Quyên,23091953,13TTT 169HH 11669,13353749153
Đinh Xuân Thái,21091929,43TTT 208HH 7723,43329434069
Phạm Thanh Cương,19021931,11TTT 040HH 13061,11231096430
Trần Thị Thu Hiền,11101929,20TTT 196HH 8424,20229129636
Đoàn Chenakottil Tuý,21051971,23TTT 184HH 18312,23371630876
Nguyễn Thanh Tùng,22091972,54TTT 071HH 5150,54372820092
Nguyễn Thị Sách,02081992,62TTT 135HH 2062,62292007496
Trần Văn Thoa,03091908,05TTT 157HH 4408,5208753950
Vũ Quang Tuấn,27081911,44TTT 152HH 1549,44211785180
Nguyễn Thị Minh,23031981,01TTT 094HH 7433,1281381686
Phạm Thúy Tuấn,21021971,01TTT 196HH 19949,1271486722
Trần Ngọc Tuấn,29051999,42TTT 120HH 14863,42399379507
Nguyễn Thị Thuận,16041924,18TTT 148HH 10982,18324609784
Hà Văn Thịnh,13031907,33TTT 049HH 8820,33307511370
Nguyễn Thị Quyên,27121990,32TTT 174HH 6236,32290541666
Trần Thị Ngà,17042014,02TTT 055HH 1805,2014073737
Trương Xuân Lâm,14061958,43TTT 224HH 5330,43258341047
Trần Văn Lam,07061923,37TTT 036HH 18671,37223347352
Đào Hoàng Khánh Thân,17081958,52TTT 016HH 6876,52358604952
Đặng Quang Phompanya,27082016,57TTT 135HH 7357,57116905545
Trần Khánh Đọn,24081947,48TTT 033HH 18083,48347169813
Trương Việt Linh,28081940,21TTT 148HH 16016,21340280176
Nguyễn Thị Thu Hà,31101977,09TTT 165HH 8881,9277332487
Đặng Anh Cúc,04091996,28TTT 140HH 392,28296435353
Vương Đình Tuyết,21101972,60TTT 196HH 6161,60372308839
Trần Hồng Thư,27101992,33TTT 081HH 4739,33292062262
Đinh Châu Tiến,16041937,45TTT 236HH 15653,45237954635
Nguyễn Văn Tuấn,08121935,50TTT 252HH 9271,50235841850
Trần Thị Thanh Nam,09021975,04TTT 219HH 2183,4375683082
Nguyễn Ngọc Thạch,24071950,21TTT 159HH 19975,21350781097
Trần Tuấn Sơn,05101956,08TTT 208HH 17859,8256996779
Cao Quang Thu,16021959,52TTT 083HH 5890,52259406236
Lê Thị Kim,23061904,53TTT 100HH 8089,53204084160
Trần Jae Việt,01012006,42TTT 205HH 4685,42006630719
Trịnh Xuân Thúy,14051942,53TTT 210HH 11952,53242897002
Nguyễn Linh Hải Phòng,02111912,05TTT 020HH 2813,5212438702
Nguyễn Thị Linh,16011985,08TTT 105HH 3939,8385166257
Lý Tuấn Lâm,04061992,60TTT 059HH 9265,60392584016
Trần Viết Cơ,01112013,43TTT 200HH 19447,43113676998
Nguyễn Thị Anh,15061924,09TTT 181HH 6280,9224848299
Nguyễn Văn Thái,08051989,46TTT 233HH 304,46389773957
Trịnh Minh Thủy,03101931,19TTT 167HH 8303,19231744715
Phan Đức Hợp,08061999,04TTT 066HH 2494,4399021271
Trần Khánh Hoà,12051979,60TTT 114HH 8054,60379185156
Trần Thị Dương,15051997,52TTT 052HH 19596,52297090960
Đinh Thị Ngọc,29072017,36TTT 056HH 17168,36017440433
Trần Đan Văn,31062018,09TTT 016HH 17756,9118863862
Nguyễn Thị Hà,14071921,34TTT 045HH 18946,34321576198
Chu Việt Út,08051937,43TTT 049HH 2884,43237154679
Vũ Thị Nga,13041964,12TTT 183HH 1146,12364719181
Tô Văn Long,16091930,23TTT 098HH 14169,23330291764
Nguyễn Mạnh Quân,05051931,45TTT 117HH 8904,45331681706
Tạ Ngọc Diệu Trâm,16071918,64TTT 227HH 17192,64218560506
Đỗ Thị Dương,24092012,05TTT 035HH 3046,5012354049
Nguyễn Lưu Hà Trường,17091917,25TTT 236HH 17795,25217122010
Nguyễn Văn Vi,14121928,29TTT 057HH 17093,29228258486
Đinh Thị Xuân,04091987,10TTT 210HH 248,10387619492
Đinh Huy Linh,10111985,42TTT 233HH 73,42385179567
Phạm Trường Ngọc,02031938,62TTT 021HH 14273,62338232638
Nguyễn Thành Huy,16021936,17TTT 255HH 16373,17336065944
Tô Thị Diễm,19121969,13TTT 101HH 1380,13269358668
Nguyễn Văn Thành,14041996,52TTT 152HH 10003,52296902745
Park Thị Quyên,16091958,54TTT 162HH 6990,54258416399
Nguyễn Trà Hằng,21021925,48TTT 136HH 18162,48225056901
Nguyễn Mạnh Anh,04111942,54TTT 011HH 16888,54342305205
Nguyễn Thị Liên,24081937,53TTT 076HH 932,53237062105
Lưu Văn Xuyên,31041957,54TTT 089HH 19160,54257508484
Đỗ Duy Nhâm,06121922,59TTT 038HH 3626,59322218732
Trần Thị Tình,13081945,32TTT 063HH 9213,32245102636
Nguyễn Hoàng Hà,02081947,23TTT 156HH 7182,23347020622
Dương Thị Ngọc,17062012,09TTT 005HH 13948,9112206836
Nguyễn Hoàng Đóa,05022000,13TTT 234HH 3510,13000740144
Kiều Minh Duy,10121921,57TTT 196HH 2713,57321207891
Trần Thu Len,01091935,09TTT 220HH 19130,9235942472
Đỗ Thị Ngọc Hà,09051980,26TTT 141HH 14241,26280634432
Lưu Bảo Long,02011965,31TTT 253HH 18465,31365690035
Nguyễn Thị Nhung,27121986,15TTT 160HH 12981,15386590354
Đặng Quỳnh Hòa,16111961,10TTT 056HH 9370,10361948378
Nguyễn Thị Huy,14081908,10TTT 216HH 17718,10208074589
Nguyễn Ngọc Mẫn,08011941,16TTT 181HH 11307,16241576130
Hoàng Chí Châu,04021936,18TTT 172HH 7241,18336523344
Đàm Thị Thành,05021928,44TTT 079HH 17128,44228125695
Nguyễn Huy Anh,02041925,03TTT 155HH 8332,3225162641
Trương Thu Anh,11031924,09TTT 025HH 16522,9224885097
Phạm Thị Kim Hoa,22082008,13TTT 232HH 7620,13108073004
Phùng Thị Thùy Nam,27021992,58TTT 117HH 19722,58292360106
Nguyễn Văn Hiển,30021941,40TTT 089HH 18786,40241897470
Lã Thị Phúc,30081989,55TTT 024HH 6652,55389561425
Nguyễn Phương Tuệ Hà,13011937,51TTT 107HH 8107,51337102799
Nguyễn Hoàng Thư,30012009,14TTT 076HH 1185,14009392788
Phan Thùy Hoài,28031977,63TTT 081HH 13953,63277498943
Trịnh Anh Sơn,04081930,24TTT 080HH 4159,24230693457
Trương Văn Liên,15061960,64TTT 082HH 10426,64260586523
Phan Xuân Tuấn,29081975,02TTT 001HH 9586,2275074386
Nguyễn Văn Tâm,04102016,11TTT 108HH 15340,11116767220
Tạ Ánh Trang,07081967,21TTT 196HH 1830,21367505628
Trần Thu Hoài,24031954,44TTT 216HH 11995,44254737317
Nguyễn Thị Hà,01101988,51TTT 116HH 7306,51388432802
Vũ Ngọc Phúc,08091933,03TTT 255HH 13045,3333578130
Lê Thị Linh,03011978,54TTT 170HH 16076,54378479098
Lê Quang Dung,08101984,06TTT 233HH 19854,6384117086
Vũ Văn Hiếu,16022008,45TTT 193HH 7011,45008020578
Đoàn Thị Anh,23071984,57TTT 206HH 1389,57284079522
Nguyễn Thị Long,06091935,41TTT 192HH 13771,41235572294
Võ Văn Văn,06072018,52TTT 007HH 15102,52118176914
Nguyễn Ngọc Linh,19121955,14TTT 145HH 7434,14255613724
Nguyễn An Hương,17091973,58TTT 166HH 15326,58273573615
Nguyễn Thị Anh,19042000,46TTT 021HH 13580,46000228314
Trần Văn Liên,23021908,09TTT 075HH 268,9308890986
Lưu Lưu Hà Chi,24011942,10TTT 122HH 17765,10342289345
Đồng Phạm Phúc Liên,17061956,28TTT 065HH 12388,28256789379
Trần Thị Quỳnh,02021904,28TTT 095HH 16553,28204989279
Nguyễn Quang Điệp,15102014,44TTT 031HH 5806,44014791721
Lê Văn Vănthư,26031996,02TTT 011HH 18963,2396846915
Nguyễn Thế Tuấn Mai,25041968,34TTT 080HH 19364,34368155627
Nguyễn Hoài Quỳnh,02081954,39TTT 187HH 1138,39354309009
Bùi Quang Dinh,05041942,63TTT 027HH 18149,63242023168
Đỗ Như Bảo Long,16101967,35TTT 179HH 13038,35267853596
Phùng Ngọc Đặng,03111993,57TTT 020HH 16768,57293172476
Nguyễn Anh Quyên,31011926,15TTT 128HH 8491,15226095135
Lê Thị Ánh Hòa,25101924,04TTT 042HH 10066,4324979444
Đỗ Văn Tiến,29031993,48TTT 016HH 16356,48293506574
Đào Cường Tuệ,15021980,24TTT 159HH 7343,24380802103
Trần Đan Cành,04081980,08TTT 203HH 5482,8380112671
Nguyễn Thị Tố Thành,04071962,39TTT 023HH 14878,39362816221
Trần Huy Nga,11041916,28TTT 070HH 9660,28216515425
Hoàng Tuấn Yên,05011939,56TTT 112HH 2378,56239053303
Nguyễn Như Thành,27021989,22TTT 256HH 3301,22389951901
Nguyễn Anh Oánh,29091995,46TTT 210HH 13171,46295011331
Lê Hải Việt,30011963,22TTT 148HH 9142,22363281712
Trần Hoàng Khánh Angelina,22051947,50TTT 197HH 3422,50347760615
Nguyễn Phạm Phúc Yến,26051927,11TTT 090HH 3716,11327401411
Đỗ Thị Thu Tĩnh,28081941,18TTT 011HH 18816,18341190243
Trần Quang Tuấn Hà,19091999,61TTT 060HH 19675,61399171508
Nguyễn Minh Vinh,28062007,38TTT 134HH 13099,38007976116
Đặng Việt Tình,12092017,25TTT 244HH 12596,25117637039
Nguyễn Thị Kim Prakash,18031994,32TTT 206HH 1996,32294528573
Trần Huy Phương,22101969,58TTT 236HH 4370,58369020443
Đinh Diệu Thuý,21091907,16TTT 214HH 6334,16207313176
Hoàng Thị Linh Nguyên,10111921,32TTT 058HH 11665,32221761089
Vũ Thanh Đức,16081943,41TTT 006HH 7648,41343654939
Nguyễn Phạm Phúc Thiết,13071942,23TTT 230HH 8986,23342729294
Đỗ Tuấn Khuê,30091906,33TTT 211HH 9569,33206028686
Doãn Xuân Tươi,29041903,18TTT 186HH 17283,18303863151
Lê Thị Tuyết Dung,12101914,01TTT 137HH 11658,1214847830
Lê Thị Phú,08071973,23TTT 022HH 4997,23373848433
Ninh Thị Kim Hương,01121959,38TTT 026HH 9100,38359043565
Trương Thị Trường,01071947,43TTT 099HH 75,43247215064
Lê Hồng Nga,29121979,25TTT 169HH 14314,25379194017
Nguyễn Quang Ninh,25091967,46TTT 016HH 6598,46367924696
Đăng Văn Hà,11091961,41TTT 118HH 9857,41261584237
Ngô Thu Tú,06041988,10TTT 063HH 6669,10288330072
Nguyễn Đắc Vinh,10011964,18TTT 124HH 896,18264972221
Võ Minh Ngọc,02121937,54TTT 160HH 5879,54337840392
Bùi Ngọc Bảo Đức,08011967,34TTT 025HH 5104,34367108867
Bùi Thanh Tĩnh,15111973,34TTT 046HH 13143,34373320353
Hoàng Thành Quyến,24071955,64TTT 006HH 4559,64355524007
Phạm Thị Nhân,07121986,14TTT 128HH 6161,14286825058
Vũ Ngọc Hoa,30071934,10TTT 168HH 18341,10334039662
Nguyễn Thị Phương Vũ,26021923,35TTT 153HH 11527,35223556060
Phạm Nam Mạc,24031938,10TTT 093HH 1762,10238117561
Nguyễn Thị Minh Hương,15122010,17TTT 229HH 19321,17110641685
Đặng Thị Vân Angelina,13061924,03TTT 147HH 7008,3224134888
Nguyễn Thị Tuấn,25011905,64TTT 233HH 17650,64305211573
Tạ Thùy Linh,02111995,60TTT 049HH 16501,60295667880
Nguyễn Thị Trang,19051962,17TTT 002HH 3708,17262169801
Nguyễn Thị Phượng,30061923,60TTT 064HH 9441,60323076785
Nguyễn Trần Khánh Ngà,12111980,64TTT 151HH 9849,64280183627
Trịnh Thị Huyền Thông,01011947,41TTT 197HH 18104,41347248657
Trương Thị Hưng,04101918,02TTT 160HH 9218,2318136026
Đặng Phàn Lê Thưởng,31071915,30TTT 001HH 11143,30315961659
Trương Tuệ Dung,12121956,60TTT 136HH 1678,60256242917
Nguyễn Thủy Minh,21011994,02TTT 135HH 14576,2294501713
Tạ Nhật Đăng,26051959,37TTT 138HH 8821,37259057215
Nguyễn Thị Linh,22032004,18TTT 124HH 17682,18104393746
Đòan Đức Hân,01031923,48TTT 241HH 16196,48323537168
Đỗ Minh Hoàng,15081931,02TTT 194HH 16953,2331947068
Nguyễn Thị Minh Ly,30062000,60TTT 068HH 6592,60100675914
Nguyễn Thị Bích Phượng,12111998,11TTT 215HH 5411,11398742321
Nguyễn Thị Sơn,11031942,10TTT 193HH 10956,10342855016
Đỗ Thị Nhân,04101989,07TTT 214HH 1264,7289639952
Nguyễn Xuân Quyên,12032015,31TTT 259HH 15693,31015644264
Nguyễn Quỳnh Mai,22121926,02TTT 063HH 16575,2226089353
Phan Phương Thu,23071902,21TTT 101HH 6290,21202698693
Lê Phạm Gia Trang,17071992,20TTT 187HH 12095,20392124142
Nguyễn Ngọc Vănthư,03111982,37TTT 167HH 11038,37382854293
Lê Lê Lê,03071953,21TTT 085HH 11718,21253299286
Tạ Khắc Linh,31071978,40TTT 233HH 8275,40278206344
Nguyễn Thị Hoài Duy,12081941,63TTT 196HH 11799,63241959461
Đỗ Ánh Linh,07061978,03TTT 203HH 16628,3378073068
Lưu Thị Kim Hậu,22031930,01TTT 248HH 9360,1330747022
Đặng Phương Tuấn,31061990,44TTT 134HH 9892,44290931041
Nguyễn Thị Thanh Hương,26121989,15TTT 104HH 3107,15289273153
Phùng Hữu Diệp,22082018,17TTT 192HH 18957,17118990946
Nguyễn Hoàng Anh,01111930,41TTT 257HH 7658,41230078994
Phạm Quang Hân,05081996,48TTT 096HH 6183,48396511457
Trần Thị Thỏa,04122001,27TTT 199HH 7554,27101929297
Đào Việt Thái,10091990,01TTT 020HH 3617,1290954066
Nguyễn Văn Thùy,01051951,18TTT 200HH 1093,18351234200
Nguyễn Ngọc Yến,22071940,49TTT 258HH 4486,49240089809
Vũ Văn Liên,09071957,47TTT 145HH 8978,47357154206
Vũ Văn Uyên,18121904,37TTT 026HH 8715,37204811740
Vũ Ngọc Minh Mạnh,24101931,26TTT 248HH 12209,26231753023
Trần Hoài Lan,11031931,28TTT 013HH 19944,28231374438
Phạm Thùy Tình,18011997,16TTT 030HH 17596,16397524663
Trần Thị Thu Ánh,05031954,44TTT 036HH 13447,44354155795
Nguyễn Thị Anh,03111976,31TTT 039HH 6275,31376755054
Nguyễn Thị Huyền,30111954,09TTT 172HH 11783,9354903596
Nguyễn An Chinh,07071915,22TTT 042HH 14526,22215773657
Bùi Thị Tuyết Thụ,22012008,38TTT 240HH 17986,38008892758
Trịnh Thúy Sơn,04061938,56TTT 000HH 11162,56338508274
Vũ Thị Liên,09111984,06TTT 256HH 11425,6384634707
Trần Viết Đức Thuỷ,18061913,47TTT 013HH 11284,47313634610
Nguyễn Thị Khanh,10061998,15TTT 078HH 8381,15298684371
Ninh Thị Tâm,03031972,31TTT 027HH 2219,31372136067
Chu Thị Thùy Hiển,19011924,55TTT 173HH 6769,55324003470
Nguyễn Thị Linh Hoài,16012005,21TTT 127HH 12038,21105485796
Trần Văn Luận,10082010,55TTT 099HH 13838,55010937326
Trương Mạnh Tú,18111932,27TTT 032HH 11332,27232656573
Trần Hoàng Minh Quyên,29011924,46TTT 008HH 11194,46224060689
Trịnh Thế Hiền,29111967,04TTT 179HH 19407,4367342243
Cao Thị Tuệ,11012002,27TTT 230HH 14927,27002834415
Nguyễn Mai Trung,02062001,48TTT 232HH 4301,48001677937
Hoàng Thị Tuấn,17121942,08TTT 192HH 12163,8242930749
Nguyễn Đức Mạnh,13042002,27TTT 162HH 3291,27102425093
Đặng Thị Thu Oanh,15011926,19TTT 096HH 18606,19226563098
Nguyễn Văn Vănthư,25121931,11TTT 080HH 14870,11331565731
Nguyễn Thị Tỵ,28081905,27TTT 162HH 3755,27305170471
Nguyễn Đức Liệp,30071977,11TTT 228HH 11430,11277330503
Nguyễn Thị Mai Quỳnh,31041949,48TTT 223HH 10647,48249909013
Nguyễn Xuân Lê Phòng,20031985,44TTT 178HH 4732,44285542220
Trần Văn Thỏa,28041974,51TTT 094HH 2563,51274061525
Đỗ Khánh Cường,23091973,19TTT 084HH 529,19273659447
Đặng Bảo Quỳnh,09121907,17TTT 177HH 15801,17207075759
Nguyễn Thị Hường,18091980,31TTT 210HH 13084,31280932433
Đỗ Hưng Thanh,07121931,44TTT 085HH 7995,44231906714
Nguyễn Văn Phong,29121905,52TTT 233HH 15121,52205424100
Nguyễn Thị Thu Sơn,11021917,27TTT 052HH 14957,27317418521
Vũ Văn Thanh,26091972,64TTT 028HH 15561,64372120837
Trần Hoàng Ly,23101991,21TTT 084HH 2304,21291029830
Trần Xuân Hải,07031903,62TTT 166HH 18792,62303164699
Nguyễn Phương Hưng,15101949,43TTT 149HH 37,43249009705
Phạm Thị Thịnh,01061966,31TTT 061HH 1858,31366246034
Đào Thị Anh,17021944,32TTT 002HH 16107,32344933366
Tạ Văn Lanh,27041914,38TTT 125HH 640,38314112318
Nguyễn Văn Liên,16041915,61TTT 075HH 18403,61315132321
Đăng Gia Ngân,19101934,59TTT 039HH 8182,59234955676
Nguyễn Hùng Thoa,08021902,49TTT 094HH 13337,49202161716
Đặng Thị Linh,03101973,07TTT 137HH 17641,7373579111
Trần Tuấn Hùng,08061940,17TTT 215HH 9650,17340048829
Nguyễn Thái Nam,14071954,46TTT 246HH 11604,46254857074
Nguyễn Thị Huy,05061907,53TTT 229HH 1116,53207479262
Nguyễn Văn Huế,23051996,55TTT 035HH 480,55396470857
Trần Thế Tuấn,27022006,13TTT 228HH 10655,13006764123
Lê Minh Mai,23071969,54TTT 253HH 3127,54369658609
Nguyễn Thị Hường,16071978,16TTT 080HH 9239,16278787442
Nguyễn Văn Phòng,11071994,05TTT 175HH 6076,5394522927
Cún Thị Thu Trang,24051997,25TTT 158HH 10360,25397230381
Đăng Thị Hà,09121960,61TTT 201HH 7881,61260001889
Balakrishnan Văn Hiệu,13011915,11TTT 036HH 6304,11315692073
Bùi Thị Lâm,12042009,41TTT 034HH 1091,41009367588
Lê Văn Khanh,12011909,24TTT 127HH 16847,24309902174
Nguyễn Văn Duy,07061915,44TTT 223HH 6978,44315697437
Nguyễn Văn Khải,10071925,52TTT 030HH 3538,52325231151
Vũ Trường Hoa,13051965,33TTT 058HH 8394,33265370578
Trương Hải Hường,10092000,28TTT 183HH 12964,28000404672
Nguyễn Phúc Liệp,06121984,54TTT 254HH 17789,54384797007
Bùi Việt Dũng,30041929,03TTT 118HH 6191,3329603186
Bùi Thị Thúy Hiệp,09081948,06TTT 095HH 19537,6348287291
Nguyễn Hoàng Anh,15092009,32TTT 061HH 12334,32009392141
Phan Minh Sơn,05101958,44TTT 115HH 3466,44258278447
Nguyễn Hải Mai,28061913,08TTT 141HH 15541,8213457660
Tạ Duy Hoan,22031986,21TTT 224HH 9535,21286202061
Đỗ Vi Cường,16041995,13TTT 134HH 16545,13395453630
Đinh Thị Hằng,11021912,13TTT 041HH 15711,13212789081
Ninh Anh Luyến,01032009,13TTT 071HH 18945,13109642385
Phùng Thùy Tùng,26101930,10TTT 113HH 8929,10230497012
Trịnh Minh Khôi,08101999,48TTT 258HH 19492,48299310253
Nguyễn Hồng Trung,29081924,03TTT 056HH 7406,3224290478
Nguyễn Thị Nhật,15071985,09TTT 173HH 4101,9285863051
Nguyễn Bảo Hương,03041971,39TTT 066HH 2191,39371445301
Kiều Ngọc Hằng,22072007,60TTT 239HH 7159,60007081831
Kim Thu Tịch,06032000,24TTT 184HH 7925,24000296357
Nguyễn Thị Hoài Huy,06092017,47TTT 125HH 7333,47017819236
Ngô Minh Dũng,31031952,26TTT 203HH 9538,26352040625
Nguyễn Hải Phú,23081934,07TTT 080HH 19036,7234148955
Phùng Thị Vũ,05071907,16TTT 109HH 19901,16307794998
Nguyễn Thị Nghĩa,07081983,03TTT 065HH 6513,3383117018
Đàm Văn Huy,08111924,01TTT 233HH 3044,1324531115
Lê Văn Tiến,28071935,19TTT 150HH 12151,19235753030
Trần Thị Hoà,20071983,01TTT 065HH 7438,1283597074
Nguyễn Phương Liên,22031966,22TTT 113HH 15586,22266160744
Trần Mai Ngọc,01021973,27TTT 141HH 16417,27273023308
Trần Bảo Hải,23021967,25TTT 210HH 19942,25367774280
,08111960,38TTT 254HH 7444,38360949912
Trần Thanh Lâm,18041989,49TTT 153HH 10469,49389734053
Lưu Đức Trường,20071955,06TTT 154HH 18133,6255585223
Nghiêm Thị Lan,03062009,43TTT 056HH 7253,43109639600
Phạm Thanh Quỳnh,10111939,06TTT 248HH 10658,6239542905
Vũ Hồng Thành,09011911,59TTT 234HH 17862,59311152098
Nguyễn Thị Hoa,14122001,12TTT 123HH 8756,12001419532
Đào Văn Nguyệt,21091949,56TTT 072HH 11986,56349146675
Nguyễn Thị Ngọc Khôi,18081982,37TTT 056HH 3160,37282158975
Đào Vũ Quỳnh Linh,08091924,32TTT 241HH 2599,32224761803
Nguyễn Văn Dũng,11041946,40TTT 154HH 15146,40346947430
Nguyễn Văn Hoa,05092010,09TTT 058HH 10541,9110118365
Nguyễn Thu Châu,13031976,47TTT 234HH 10866,47376136779
Trần Thị Vy,31091979,07TTT 126HH 14881,7379048772
Nguyễn Thị Thanh Thúy,29031903,49TTT 137HH 17421,49303072208
Nguyễn Hữu Tuấn,22011949,44TTT 019HH 13423,44349780968
Triệu Đức Đức,20011922,41TTT 044HH 15108,41222338487
Nguyễn Minh Cơ,10031947,13TTT 216HH 11706,13247986053
Nguyễn Văn Bảy,24011928,39TTT 051HH 9124,39328815868
Trần Phương Quang,31041926,02TTT 001HH 18648,2326845115
Lại Hoàng Liên,14041912,12TTT 144HH 9069,12312099326
Lê Hoàng Thái,28111930,48TTT 012HH 2296,48230946621
Ngô Anh Thỏa,15091907,34TTT 191HH 382,34307823308
Trần Đình Anh,18111954,26TTT 070HH 17812,26254766668
Nguyễn Nhật Anh Dũng,21102005,40TTT 128HH 5187,40005104351
Trần Văn Thành,31051992,61TTT 031HH 6975,61292554774
Trương Thúy Hữu,13121983,33TTT 078HH 13981,33383082662
Nguyễn Thị Thắm,06091904,14TTT 104HH 4333,14204882665
Lê Phi Hòa,01111925,57TTT 027HH 117,57325567112
Trương Xuân Lâm,01061967,62TTT 167HH 17039,62367931851
Nguyễn Thu Bình,29041971,57TTT 012HH 17016,57271328539
Nguyễn Thị Sơn,24111973,09TTT 186HH 16213,9373853686
Nguyễn Thị Bích Sơn,31091918,37TTT 240HH 17015,37218994001
Phan Minh Linh,02051906,64TTT 245HH 2898,64206558585
Phạm Thị Tùng,27061904,14TTT 091HH 11556,14204275174
Phạm Thị Thanh Mạnh,04061954,19TTT 105HH 19034,19254956891
Nguyễn Việt Thỏa,22071938,17TTT 214HH 16511,17238427500
Trần Thị Thu Hà,02051929,28TTT 059HH 2043,28229974881
Nguyễn Đức An Di,09121967,18TTT 162HH 12611,18367521805
Lê Diệp Hằng,28061915,55TTT 098HH 14085,55215647078
Nguyễn Lâm Lộc,02091957,27TTT 204HH 5583,27257909568
Lê Việt Anh,02032009,01TTT 200HH 5382,1009711264
Tạ Thị Hùng,28081953,38TTT 060HH 8228,38353613832
Nguyễn Thị Huy,19031950,01TTT 206HH 7846,1350993314
Nguyễn Thị Thủy,27031982,33TTT 092HH 6858,33382215345
Đào Quỳnh Ly,26072013,57TTT 118HH 1027,57013881078
Nguyễn Quang Hạnh,21051981,05TTT 057HH 18333,5381622251
Phạm Thanh Trúc,15041966,03TTT 258HH 10387,3366514728
Đặng Thanh Sửu,06071927,45TTT 151HH 2319,45327957141
Lê Trung Linh,13041963,06TTT 071HH 14376,6263092405
Trần Văn San,20041933,41TTT 063HH 18639,41333144005
Nguyễn Xuân Thủy,05062011,46TTT 101HH 8124,46111544733
Nguyễn Ngọc Minh Khôi,19111931,56TTT 157HH 12687,56331005568
Hoàng Minh Nhi,22111917,15TTT 114HH 9833,15217512086
Đinh Đức Chinh,29071919,33TTT 115HH 2686,33319698702
Hà Thị Liên,30101934,51TTT 236HH 15754,51234533894
,09041999,32TTT 068HH 6084,32299676294
Trần Ngọc Bảo Hải,29032015,59TTT 249HH 3158,59115707167
Trịnh Việt Chung,22011964,36TTT 184HH 3565,36364168541
Trần Hồng Hiếu,28121978,09TTT 158HH 19412,9278110740
Phạm Thị Linh,19121989,38TTT 118HH 6470,38289536950
Lưu Phúc Gia Anh,22042009,53TTT 170HH 8534,53109655331
Trần Văn Anh,10111960,07TTT 121HH 18467,7260535254
Trương Khôi Thùy,25101987,20TTT 065HH 10071,20387604631
Nguyễn Tú Nhẫn,01101939,02TTT 205HH 6599,2239549575
Nguyễn Duy Hiền,29041910,26TTT 014HH 16541,26310948434
Nguyễn Thị Hân,17061935,32TTT 101HH 1891,32335036758
Vũ Tuấn Khánh,04091983,13TTT 060HH 14198,13383668696
Trần Thị Hiền,24111904,58TTT 120HH 2662,58304460394
Nguyễn Khánh Hùng,02022004,30TTT 007HH 10979,30004700970
Lê Mai Phức,17021919,30TTT 090HH 991,30219729651
Nguyễn Thị Linh,22072007,39TTT 023HH 12507,39007398959
Phan Thị Thanh Mai,26031947,56TTT 169HH 13043,56247159666
Phạm Thiị Tiến,30082017,21TTT 107HH 2086,21017895144
Phạm Văn Thu,10081998,59TTT 162HH 4165,59298076301
Lê Thị Khanh,26022018,36TTT 220HH 4157,36118016947
Trịnh Hồng Phương,03051939,40TTT 032HH 18074,40339685021
Trương Thanh Lan,11081902,45TTT 003HH 1147,45302576779
Bùi Thị Thùy Hương,22092014,09TTT 054HH 11466,9114875826
Lê Thị Chi,16031960,09TTT 078HH 14493,9260284044
Lê Gia Quân,26052010,63TTT 230HH 7194,63110452615
,18082014,34TTT 170HH 5321,34114659812
Nguyễn Tuấn Tỉnh,15091906,17TTT 062HH 15936,17206258651
Trịnh Thị Anh,24101983,55TTT 116HH 11275,55383241815
Trần Mạnh Anh,12071952,45TTT 184HH 13158,45252004625
Nguyễn Thị Thu Tú,13011920,47TTT 231HH 5788,47220370623
Đỗ Tùng Huy,16111903,32TTT 254HH 17590,32203210127
Trịnh Khánh Giang,23111944,15TTT 022HH 15826,15344648833
Đoàn Thị Hoàng,18081976,46TTT 203HH 9782,46276370942
Nguyễn Văn Cứu,29031901,31TTT 217HH 11433,31301444093
Nguyễn Văn Huệ,29031940,13TTT 135HH 5655,13340767317
Ngô Quang Huy,24072001,21TTT 038HH 16110,21001314817
Nguyễn Văn Khoa,13041926,13TTT 095HH 10254,13226994941
Nguyễn Thị Bình,16011965,17TTT 238HH 7710,17265647672
Phan Thị Minh,06011923,44TTT 101HH 19608,44323919899
Mai Thu Tuấn,26111983,08TTT 247HH 18645,8283942712
Nguyễn Văn Hà,12101951,61TTT 181HH 14440,61251037924
Trần Hoàng Giang,10101964,54TTT 170HH 5209,54264061069
Nguyễn Khánh Tuấn,04041986,21TTT 060HH 11823,21386088055
Phạm Thu Cẩm,08081910,12TTT 050HH 6604,12310844482
Trương Anh Mạnh,23051960,14TTT 101HH 14319,14360705051
Vũ Thị Tú,24061985,07TTT 079HH 6159,7285900250
Nguyễn Thị Vinh,04121904,61TTT 152HH 4104,61204789406
Đặng Quỳnh Ngọc,25121953,39TTT 182HH 17783,39253273607
Nguyễn Anh Hà,04031960,64TTT 234HH 172,64360586337
Phạm Thanh Anh Hằng,18031904,37TTT 061HH 16514,37204261010
Trần Minh Phượng,16011906,28TTT 122HH 19472,28206264829
Trương Thị Quý,07011948,13TTT 125HH 16016,13348673466
Trần Thị Bích Năm,15082005,45TTT 177HH 15105,45005177694
Bùi Hoàng Sơn,26091930,30TTT 162HH 19532,30330048247
Nguyễn Thùy Phương,06111911,62TTT 034HH 16702,62311424011
Trần Nam Nam,25071955,04TTT 124HH 17669,4355759412
Nguyễn Ngọc Minh Quyên,12091972,45TTT 142HH 11217,45372862463
Nguyễn Hoàng Minh Hạnh,07082003,64TTT 078HH 5434,64003518976
Đỗ Vi Hoàng,04121917,25TTT 170HH 1788,25217190061
Đinh Khôi Thuỷ,02091987,52TTT 041HH 7716,52287576993
Nguyễn Minh Giang,12041933,24TTT 142HH 10423,24233669737
Nguyễn Huy Tiến,29051972,24TTT 205HH 5145,24372951184
Phạm Thị Chinh,25091997,40TTT 122HH 16185,40397253690
Lê Thị Tuyết Bài,28052009,42TTT 246HH 12433,42109109557
Hoàng Đức Khôi Công,08032010,47TTT 196HH 5086,47010753790
Hoàng Văn Thanh,29031972,11TTT 161HH 6596,11272922605
Đặng Kiều Thanh,18021969,32TTT 157HH 7969,32269865935
Nguyễn Thị Quyên,06091907,64TTT 137HH 19363,64307055617
Bùi Thị Thành,08012016,25TTT 136HH 12843,25116279620
Nguyễn Minh Thọ,10032015,58TTT 016HH 5235,58015768812
Nguyễn Mai Tuấn,13041908,50TTT 196HH 5459,50208616345
Trương Đức Khôi Khánh,08071938,18TTT 243HH 6047,18338766002
Nguyễn Văn Linh,17101963,02TTT 158HH 3612,2363132063
Tạ Thị Khoa,29011923,19TTT 000HH 16791,19323036916
Lê Khánh Linh,18022012,05TTT 238HH 8172,5112116486
Nguyễn Thị Lâm,30021923,47TTT 179HH 11848,47223711398
Nguyễn Đức Linh,17051913,22TTT 010HH 1850,22213467073
Nguyễn Đan Nhi,23072014,63TTT 212HH 19813,63114277603
Kiều Thế Ngân,18071918,18TTT 092HH 16419,18318496003
Tạ Việt Cơ,25082017,60TTT 181HH 5998,60017720551
Vũ Thị Hạnh,23101930,01TTT 055HH 11963,1230893232
Lê Thị Bích Hà,28071979,61TTT 089HH 7023,61379393603
Nguyễn Thanh Huyền,18062004,15TTT 078HH 16212,15004483273
Nguyễn Tùng Dũng,11111995,50TTT 194HH 14325,50295591291
Nguyễn Hồng Thong,17061977,04TTT 159HH 18646,4277058525
Trần Hồng Hoàng,15101961,60TTT 061HH 9749,60361904638
Hoàng Gia Dũng,17051905,15TTT 056HH 2746,15305562614
Nguyễn Gia Thúy,04011993,07TTT 218HH 19300,7293119823
Nguyễn Diệu Dung,07011996,18TTT 219HH 14304,18396851157
Nguyễn Thị Ngọc Anh,12121994,63TTT 167HH 9913,63294894425
Trương Thị Tú,13011949,25TTT 158HH 11254,25249412459
Lưu Văn Huy,09122000,42TTT 231HH 3069,42000689950
Nguyễn Thị Bộ,31121986,39TTT 183HH 2857,39386465171
Nguyễn Thị Hương Huy,31031967,53TTT 138HH 12491,53267007494
Nguyễn Văn Hà,05111941,14TTT 152HH 3589,14341707138
Nguyễn Thúy Đức,06051969,10TTT 224HH 18255,10269029400
Hoàng Hợp Trang,13101933,02TTT 153HH 6825,2233768074
Phạm Ngọc Bảo Hỗ,17111911,19TTT 062HH 11055,19211168031
Phan Trần Khánh Hiếu,25121939,59TTT 167HH 11465,59339765847
Nguyễn Bảo Năm,26102011,09TTT 114HH 13828,9011978090
Nguyễn Văn Khánh,27071973,30TTT 142HH 4458,30273568528
Phạm Xuân Tuấn,11091944,08TTT 009HH 6681,8344801551
Nguyễn Đình Nguyên,12061952,14TTT 007HH 2807,14352452148
Trương Hoàng Minh Trinh,19071908,41TTT 099HH 7664,41308864888
Nguyễn Văn Đông,01011902,16TTT 014HH 10205,16302742109
Nguyễn Thanh Thanh,14091940,34TTT 218HH 16449,34240777652
Nguyễn Thị Phương Nguyên,14041965,20TTT 042HH 4167,20365434964
Nguyễn Xuân Hương,04031920,59TTT 033HH 16395,59320708364
Nguyễn Thị Trang,10101955,44TTT 186HH 10301,44255403279
Phạm Anh Ước,12121976,51TTT 113HH 16762,51376873029
Trần Minh Thau,09091936,01TTT 213HH 18829,1236411168
Dương Thị Thanh Quỳnh,14091907,11TTT 204HH 6174,11307896203
Nguyễn Hồng Tú,05082005,09TTT 111HH 13463,9105254575
Đoàn Thị Linh,07081968,10TTT 027HH 13710,10368914328
Lê Thị Tú,30081938,12TTT 142HH 15615,12338950811
Trần Quỳnh Tuấn,11101969,54TTT 128HH 7603,54369397770
Nguyễn Thị Ngọc,03061944,04TTT 082HH 2921,4344828862
Nguyễn Thu Cường,28101998,25TTT 190HH 12654,25398107816
Đinh Bảo Tú,04021926,25TTT 183HH 7179,25226307224
Ngô Văn Hoài,14071975,15TTT 164HH 2331,15375378288
Lê Văn Nga,05031973,04TTT 019HH 711,4273957462
Nguyễn Thị Hải,14111916,23TTT 094HH 2339,23316899283
Phạm Văn Dương,02061908,38TTT 138HH 13634,38208126495
Lưu Ngọc Tên,18071997,40TTT 122HH 6809,40397717869
Trần Thị Tiềm,09092018,55TTT 065HH 19127,55018238493
Tạ Hoàng Chung,10081917,21TTT 010HH 13767,21317150175
Pon Trà Tùng,25071991,59TTT 103HH 6245,59391594083
Nguyễn Minh Thuý,02111928,33TTT 225HH 230,33328241520
Nguyễn Thị Thấm,15011925,45TTT 207HH 5247,45225931190
Lã Khánh Tùng,10071911,13TTT 042HH 6007,13311776171
Trần Thanh Sơn,02082018,42TTT 015HH 10738,42018063443
Nguyễn Văn Trúc,11101957,40TTT 065HH 5782,40357720136
Đỗ Quang Huy,02121966,25TTT 077HH 10973,25266675984
Mạch Văn Cường,12021967,45TTT 013HH 12386,45367107169
Nguyễn Văn Tình,09061954,55TTT 234HH 9853,55354535714
Trần Văn Thư,26022009,44TTT 183HH 546,44109835150
Nguyễn Tùng Anh,09021941,30TTT 166HH 2392,30341632110
Lê Đức Giang,25091919,21TTT 179HH 3982,21219871558
Trần Thị Diệu Phong,22041992,50TTT 017HH 11797,50292099550
Lưu Danh Hùng,15111952,50TTT 253HH 8059,50252095051
Balakrishnan Thị Hiếu,31121924,17TTT 020HH 16827,17324193689
Nguyễn Hữu Loan,23111983,15TTT 096HH 1541,15383972707
Đỗ Thị Kim Quân,26071953,26TTT 072HH 1833,26353080537
Nguyễn Đức Khang,13091915,47TTT 067HH 19892,47215108284
Đặng Thị Phúc,29072015,56TTT 064HH 7249,56015167158
Phạm Duy Xuân,22041992,08TTT 162HH 14295,8392542249
Trần Ngọc Gia Diến,29081967,10TTT 213HH 9550,10367283845
Nguyễn Thị Yến,17042001,22TTT 144HH 7786,22001891968
Vũ Đình Vinh,07111963,21TTT 201HH 13850,21263455849
Đỗ Chenakottil Đạt,17081990,18TTT 027HH 3905,18390992739
Đỗ Hồng Hường,16041995,12TTT 187HH 250,12395291214
Giang Thị Đức,20042008,55TTT 048HH 6614,55108866621
Nguyễn Thị Thu Yến,28121982,19TTT 040HH 11786,19282855953
Trần Vũ Tỵ,23081944,24TTT 022HH 15153,24344882332
Nguyễn Quý Nguyên,27061964,50TTT 183HH 7761,50264582192
Phạm Thị Yến,16091920,29TTT 115HH 298,29220240824
Nguyễn Thị Châu,09121939,04TTT 062HH 5016,4239018277
Trần Văn Xuyên,18082015,33TTT 015HH 15211,33015408109
Nguyễn Thu Hoàng,07071946,60TTT 025HH 16202,60346267357
Nguyễn Đức Hưng,20051914,46TTT 121HH 4046,46214123229
Nguyễn Việt Giang,25041913,43TTT 229HH 7838,43213616513
Đào Thị Ngọc,31081931,44TTT 022HH 7827,44331312840
Tạ Thị Phượng,11031913,37TTT 259HH 7555,37213716340
Trần Ngọc Hào,07121972,47TTT 019HH 574,47372091661
Phạm Ngọc Quỳnh,09111973,23TTT 045HH 12352,23373610459
Nguyễn Hoàng Thắm,30051918,03TTT 207HH 19469,3218679910
Nguyễn Kiến Ngân,12021947,06TTT 010HH 16937,6347252350
Nguyễn Thị Hiền,08082018,04TTT 142HH 2892,4118966613
Nguyễn Thanh Trường,02091990,49TTT 092HH 8285,49290228224
Lại Thị Huế,09031903,51TTT 129HH 5889,51203591883
Nguyễn Thị Mai,06032011,52TTT 038HH 3418,52111307836
Nguyễn Văn Lâm,21111927,38TTT 228HH 5391,38227442920
Nguyễn Duy Hoà,26061966,62TTT 049HH 1652,62266089873
Lê Tài Tiếp,02071992,29TTT 209HH 2698,29392250937
Đỗ Thanh Lê,14111999,20TTT 006HH 17544,20399676639
Ngô Văn Tuấn,11061909,20TTT 179HH 15862,20209221373
Nguyễn Thùy Hoan,28041947,46TTT 081HH 1153,46247054956
Nguyễn Quốc Trúc,19111941,12TTT 152HH 3683,12341664253
Trần Thị Linh,01061941,17TTT 211HH 2092,17341377290
Nguyễn An Hoàng,08112017,58TTT 057HH 8524,58017728694
Nguyễn Thị Thảo,02071965,16TTT 108HH 3489,16265727623
Nguyễn Công Khôi Nga,26031949,31TTT 085HH 9282,31349048204
Đặng Thế Thắm,14121980,55TTT 045HH 10618,55380885964
Lê Hà Phi,27111973,49TTT 047HH 904,49273124111
Phạm Phú Hưng,24011978,48TTT 190HH 8066,48278384471
Đào Thị Phúc,15122007,34TTT 225HH 17254,34007110143
Trịnh Ngọc Trang,13081929,27TTT 252HH 4871,27329323469
Phùng Thị Bảo,17121942,60TTT 245HH 6409,60342888941
Trần Thị Hữu,26051919,34TTT 169HH 10316,34219832699
Vũ Tuấn Lâm,11121995,02TTT 037HH 15385,2395851254
Đỗ Thủy Linh,30101975,39TTT 247HH 18046,39275961846
Nguyễn Gia Hùng,31031987,53TTT 131HH 10090,53287698484
Nguyễn Ngọc Hà Thấm,26081925,12TTT 181HH 3013,12325651979
Hoàng Mạnh Bài,26111986,38TTT 169HH 14654,38286669723
Nguyễn Văn Linh,31031999,56TTT 148HH 7248,56399723539
Nguyễn Xuân Đông,31031937,15TTT 130HH 6704,15237889020
Đoàn Hoàng Thực,25081989,04TTT 115HH 16269,4389030870
Vũ Thị Đến,14011927,33TTT 084HH 16905,33327464268
Nguyễn Văn Yến,06042015,24TTT 173HH 2014,24015790948
Đoàn Khắc Gia Di,19082016,51TTT 214HH 9204,51116210791
Phan Ngọc Mạnh,15111988,17TTT 152HH 7648,17388997518
Nguyễn Hoàng Hà,25122001,54TTT 189HH 4740,54001093523
Triệu Đức Khôi Hoa,04081955,36TTT 067HH 17181,36255051896
Nguyễn Quang Liên,10121968,59TTT 245HH 2324,59368356047
Bùi Thị Liên,07051972,46TTT 220HH 17304,46272011597
Hoàng Thu Lương,22011953,43TTT 164HH 13617,43353175360
Nguyễn Văn Minh,03101941,46TTT 132HH 15276,46241155927
